<?xml version="1.0" encoding="UTF-8"?>
<project-private xmlns="http://www.netbeans.org/ns/project-private/1">
    <editor-bookmarks xmlns="http://www.netbeans.org/ns/editor-bookmarks/2" lastBookmarkId="0"/>
    <open-files xmlns="http://www.netbeans.org/ns/projectui-open-files/2">
        <group>
            <file>file:/C:/DOKUMENTUAK/Programazioa/UD03/2021-01-25Template/src/exekutagarriak/ProgramaNagusia.java</file>
            <file>file:/C:/DOKUMENTUAK/Programazioa/UD03/2021-01-25Template/src/model/Erosketa.java</file>
            <file>file:/C:/DOKUMENTUAK/Programazioa/UD03/2021-01-25Template/src/model/Produktua.java</file>
        </group>
    </open-files>
</project-private>
